<?xml version="1.0" encoding="UTF-8"?>
<project-private xmlns="http://www.netbeans.org/ns/project-private/1">
    <editor-bookmarks xmlns="http://www.netbeans.org/ns/editor-bookmarks/2" lastBookmarkId="0"/>
    <open-files xmlns="http://www.netbeans.org/ns/projectui-open-files/2">
        <group>
            <file>file:/C:/murach2/ProductMaint3/web/styles/main.css</file>
            <file>file:/C:/murach2/ProductMaint3/web/META-INF/context.xml</file>
            <file>file:/C:/murach2/ProductMaint3/web/index.jsp</file>
            <file>file:/C:/murach2/ProductMaint3/src/java/murach/data/SQLUtil.java</file>
            <file>file:/C:/murach2/ProductMaint3/web/deleteProduct.jsp</file>
            <file>file:/C:/murach2/ProductMaint3/src/java/music/tags/IfEmptyMarkTag.java</file>
            <file>file:/C:/murach2/ProductMaint3/src/java/murach/admin/ProductMaintServlet.java</file>
            <file>file:/C:/murach2/ProductMaint3/src/conf/MANIFEST.MF</file>
            <file>file:/C:/murach2/ProductMaint3/web/products.jsp</file>
            <file>file:/C:/murach2/ProductMaint3/src/java/murach/business/Product.java</file>
            <file>file:/C:/murach2/ProductMaint3/web/addProduct.jsp</file>
            <file>file:/C:/murach2/ProductMaint3/web/WEB-INF/web.xml</file>
            <file>file:/C:/murach2/ProductMaint3/src/java/murach/data/ConnectionPool.java</file>
            <file>file:/C:/murach2/ProductMaint3/src/java/murach/data/DBUtil.java</file>
            <file>file:/C:/murach2/ProductMaint3/src/java/music/util/MusicStoreContextListener.java</file>
        </group>
    </open-files>
</project-private>
