<?xml version="1.0" encoding="UTF-8"?>
<project-private xmlns="http://www.netbeans.org/ns/project-private/1">
    <editor-bookmarks xmlns="http://www.netbeans.org/ns/editor-bookmarks/2" lastBookmarkId="0"/>
    <open-files xmlns="http://www.netbeans.org/ns/projectui-open-files/2">
        <group>
            <file>file:/C:/murach2/MusicStoreProductMaint/web/includes/header.jsp</file>
            <file>file:/C:/murach2/MusicStoreProductMaint/web/cart/complete.jsp</file>
            <file>file:/C:/murach2/MusicStoreProductMaint/web/META-INF/context.xml</file>
            <file>file:/C:/murach2/MusicStoreProductMaint/web/includes/column_left_all.jsp</file>
            <file>file:/C:/murach2/MusicStoreProductMaint/web/WEB-INF/web.xml</file>
            <file>file:/C:/murach2/MusicStoreProductMaint/web/cart/cart.jsp</file>
            <file>file:/C:/murach2/MusicStoreProductMaint/web/includes/column_left_all_absolute.jsp</file>
        </group>
    </open-files>
</project-private>
