<?xml version="1.0" encoding="UTF-8"?>
<project-private xmlns="http://www.netbeans.org/ns/project-private/1">
    <editor-bookmarks xmlns="http://www.netbeans.org/ns/editor-bookmarks/2" lastBookmarkId="0"/>
    <open-files xmlns="http://www.netbeans.org/ns/projectui-open-files/2">
        <group>
            <file>file:/C:/murach2/productMaint2/src/java/murach/cart/ProductMaintServlet.java</file>
            <file>file:/C:/murach2/productMaint2/web/WEB-INF/web.xml</file>
            <file>file:/C:/murach2/productMaint2/src/java/murach/business/Product.java</file>
            <file>file:/C:/murach2/productMaint2/web/index.jsp</file>
            <file>file:/C:/murach2/productMaint2/src/java/murach/data/ProductIO.java</file>
            <file>file:/C:/murach2/productMaint2/web/META-INF/context.xml</file>
            <file>file:/C:/murach2/productMaint2/web/WEB-INF/products.txt</file>
            <file>file:/C:/murach2/productMaint2/web/deleteProduct.jsp</file>
            <file>file:/C:/murach2/productMaint2/web/products.jsp</file>
            <file>file:/C:/murach2/productMaint2/web/WEB-INF/tlds/music.tld</file>
            <file>file:/C:/murach2/productMaint2/src/java/music/tags/IfEmptyMarkTag.java</file>
            <file>file:/C:/murach2/productMaint2/web/addProduct.jsp</file>
        </group>
    </open-files>
</project-private>
