<?xml version="1.0" encoding="UTF-8"?>
<project-private xmlns="http://www.netbeans.org/ns/project-private/1">
    <open-files xmlns="http://www.netbeans.org/ns/projectui-open-files/2">
        <group>
            <file>file:/C:/murach2/ProductMaint5/web/indexMS.jsp</file>
            <file>file:/C:/murach2/ProductMaint5/web/error_sql.jsp</file>
            <file>file:/C:/murach2/ProductMaint5/web/index.jsp</file>
            <file>file:/C:/murach2/ProductMaint5/web/admin/reports.jsp</file>
            <file>file:/C:/murach2/ProductMaint5/web/login.jsp</file>
            <file>file:/C:/murach2/ProductMaint5/web/styles/main.css</file>
            <file>file:/C:/murach2/ProductMaint5/web/error_404.jsp</file>
            <file>file:/C:/murach2/ProductMaint5/web/admin/index.jsp</file>
            <file>file:/C:/murach2/ProductMaint5/web/login_error.jsp</file>
            <file>file:/C:/murach2/ProductMaint5/web/admin/products.jsp</file>
            <file>file:/C:/murach2/ProductMaint5/web/includes/product_table.jsp</file>
            <file>file:/C:/murach2/ProductMaint5/web/error_java.jsp</file>
            <file>file:/C:/murach2/ProductMaint5/web/admin/deleteProduct.jsp</file>
            <file>file:/C:/murach2/ProductMaint5/web/styles/main_2.css</file>
            <file>file:/C:/murach2/ProductMaint5/web/admin/addProduct.jsp</file>
            <file>file:/C:/murach2/ProductMaint5/web/styles/main_1.css</file>
            <file>file:/C:/murach2/ProductMaint5/web/WEB-INF/web.xml</file>
        </group>
    </open-files>
</project-private>
