<?xml version="1.0" encoding="UTF-8"?>
<project-private xmlns="http://www.netbeans.org/ns/project-private/1">
    <open-files xmlns="http://www.netbeans.org/ns/projectui-open-files/2">
        <group>
            <file>file:/C:/murach/servlet_and_jsp/netbeans/book_apps/ProductMaint5/web/admin/products.jsp</file>
            <file>file:/C:/murach/servlet_and_jsp/netbeans/book_apps/ProductMaint5/web/admin/addProduct.jsp</file>
            <file>file:/C:/murach/servlet_and_jsp/netbeans/book_apps/ProductMaint5/src/java/music/admin/ProductMaintServlet.java</file>
            <file>file:/C:/murach/servlet_and_jsp/netbeans/book_apps/ProductMaint5/web/META-INF/context.xml</file>
            <file>file:/C:/murach/servlet_and_jsp/netbeans/book_apps/ProductMaint5/web/index.jsp</file>
            <file>file:/C:/murach/servlet_and_jsp/netbeans/book_apps/ProductMaint5/web/WEB-INF/web.xml</file>
        </group>
    </open-files>
</project-private>
